algorithm,map_id,start_pos,end_pos,path_length,total_cost,execution_time,path_found,nodes_explored
A*,703368,"(84, 81)","(249, 192)",294,357.03744669683465,0.923877477645874,True,37195
Dijkstra,703368,"(84, 81)","(249, 192)",294,357.03744669683465,0.9881794452667236,True,45079
A*,703368,"(264, 216)","(223, 230)",42,46.798989873223334,0.015453815460205078,True,387
Dijkstra,703368,"(264, 216)","(223, 230)",42,46.798989873223334,0.05155777931213379,True,2677
A*,703368,"(68, 257)","(188, 282)",121,130.6336773734547,0.09160304069519043,True,3085
Dijkstra,703368,"(68, 257)","(188, 282)",121,130.6336773734547,0.3794593811035156,True,16413
A*,703368,"(153, 156)","(52, 194)",191,214.56336686238717,0.4530653953552246,True,19217
Dijkstra,703368,"(153, 156)","(52, 194)",191,214.56336686238717,0.857379674911499,True,38544
A*,703368,"(209, 280)","(66, 155)",246,279.8110201749878,1.1301255226135254,True,44872
Dijkstra,703368,"(209, 280)","(66, 155)",246,279.8110201749878,1.0796115398406982,True,49042
A*,703368,"(178, 249)","(207, 240)",56,63.045864522438116,0.03124856948852539,True,1391
Dijkstra,703368,"(178, 249)","(207, 240)",56,63.045864522438116,0.2040715217590332,True,8261
A*,703368,"(124, 267)","(148, 114)",154,162.94112549695421,0.10342788696289062,True,4230
Dijkstra,703368,"(124, 267)","(148, 114)",154,162.94112549695421,0.8522226810455322,True,36765
A*,703368,"(178, 272)","(197, 145)",138,141.87911812117937,0.09727263450622559,True,2965
Dijkstra,703368,"(178, 272)","(197, 145)",138,141.87911812117937,0.7505629062652588,True,33432
A*,703368,"(156, 205)","(123, 171)",35,47.66904755831212,0.0,True,35
Dijkstra,703368,"(156, 205)","(123, 171)",35,47.669047558312116,0.13292789459228516,True,5257
A*,703368,"(219, 249)","(156, 171)",137,153.17650179138906,0.21383166313171387,True,8897
Dijkstra,703368,"(219, 249)","(156, 171)",137,153.17650179138906,0.7499604225158691,True,31672
A*,703368,"(218, 342)","(164, 248)",95,116.36753236814698,0.13515090942382812,True,4692
Dijkstra,703368,"(218, 342)","(164, 248)",95,116.36753236814698,0.38152027130126953,True,15937
A*,703368,"(194, 134)","(248, 373)",240,262.9588490037037,0.2521190643310547,True,9919
Dijkstra,703368,"(194, 134)","(248, 373)",240,262.9588490037037,0.6918258666992188,True,31712
A*,703368,"(194, 156)","(131, 215)",190,224.66238280620254,0.3747572898864746,True,15128
Dijkstra,703368,"(194, 156)","(131, 215)",190,224.66238280620254,0.6734731197357178,True,30579
A*,703368,"(258, 144)","(253, 180)",37,38.115512256309906,0.0,True,276
Dijkstra,703368,"(258, 144)","(253, 180)",37,38.115512256309906,0.05977773666381836,True,1825
A*,703368,"(212, 226)","(178, 191)",128,137.50405555099468,0.16417837142944336,True,6564
Dijkstra,703368,"(212, 226)","(178, 191)",128,137.50405555099468,0.5435364246368408,True,25332
A*,703368,"(193, 237)","(170, 211)",97,105.92180045776341,0.10522270202636719,True,3704
Dijkstra,703368,"(193, 237)","(170, 211)",97,105.92180045776341,0.412945032119751,True,17827
A*,703368,"(205, 303)","(209, 319)",17,17.65685424949238,0.01560831069946289,True,83
Dijkstra,703368,"(205, 303)","(209, 319)",17,17.65685424949238,0.03328418731689453,True,1003
A*,703368,"(182, 257)","(174, 227)",31,37.04704183231809,0.009354829788208008,True,132
Dijkstra,703368,"(182, 257)","(174, 227)",31,37.04704183231809,0.05200982093811035,True,2217
A*,703368,"(52, 168)","(180, 272)",204,215.07457665000697,0.16233325004577637,True,6722
Dijkstra,703368,"(52, 168)","(180, 272)",204,215.07457665000697,0.6360149383544922,True,26170
A*,703368,"(222, 275)","(134, 266)",89,91.72792206135783,0.05264687538146973,True,1085
Dijkstra,703368,"(222, 275)","(134, 266)",89,91.72792206135783,0.3875434398651123,True,15882
A*,703368,"(183, 196)","(218, 338)",143,168.80137076486875,0.12368965148925781,True,4095
Dijkstra,703368,"(183, 196)","(218, 338)",143,168.80137076486875,0.7372491359710693,True,33180
A*,703368,"(171, 219)","(174, 201)",19,19.242640687119284,0.0,True,65
Dijkstra,703368,"(171, 219)","(174, 201)",19,19.242640687119284,0.021993160247802734,True,984
A*,703368,"(220, 248)","(270, 300)",94,123.90744656941672,0.20412373542785645,True,8109
Dijkstra,703368,"(220, 248)","(270, 300)",94,123.90744656941673,0.5116937160491943,True,23430
A*,703368,"(251, 224)","(160, 229)",111,135.43368269316886,0.1580188274383545,True,6001
Dijkstra,703368,"(251, 224)","(160, 229)",111,135.43368269316886,0.39083218574523926,True,17514
A*,703368,"(256, 410)","(207, 210)",201,235.96493300029888,0.2841973304748535,True,11757
Dijkstra,703368,"(256, 410)","(207, 210)",201,235.96493300029888,0.4835684299468994,True,21861
A*,703368,"(194, 283)","(255, 267)",62,67.62741699796948,0.030057668685913086,True,1105
Dijkstra,703368,"(194, 283)","(255, 267)",62,67.62741699796948,0.25213170051574707,True,11995
A*,703368,"(115, 119)","(250, 137)",303,371.6857028050064,1.0352880954742432,True,41987
Dijkstra,703368,"(115, 119)","(250, 137)",303,371.6857028050064,1.0811612606048584,True,49590
A*,703368,"(210, 145)","(50, 269)",266,272.9324410262761,0.17368030548095703,True,7140
Dijkstra,703368,"(210, 145)","(50, 269)",266,272.9324410262761,0.7674016952514648,True,34945
A*,703368,"(137, 283)","(209, 284)",73,72.41421356237309,0.0,True,144
Dijkstra,703368,"(137, 283)","(209, 284)",73,72.41421356237309,0.24402356147766113,True,10848
A*,703368,"(109, 275)","(181, 323)",73,91.88225099390844,0.08315682411193848,True,2630
Dijkstra,703368,"(109, 275)","(181, 323)",73,91.88225099390844,0.28368687629699707,True,13749
A*,703368,"(131, 295)","(269, 181)",164,207.38549040810068,0.4863729476928711,True,18617
Dijkstra,703368,"(131, 295)","(269, 181)",164,207.38549040810068,0.9859859943389893,True,44906
A*,703368,"(124, 234)","(262, 218)",143,173.99871634995122,0.22835564613342285,True,9336
Dijkstra,703368,"(124, 234)","(262, 218)",143,173.99871634995122,0.8719618320465088,True,39780
A*,703368,"(66, 230)","(256, 388)",229,297.56529848727524,0.5312793254852295,True,21466
Dijkstra,703368,"(66, 230)","(256, 388)",229,297.56529848727524,1.0664868354797363,True,47526
A*,703368,"(41, 211)","(247, 343)",228,280.37342209793457,0.4331350326538086,True,16661
Dijkstra,703368,"(41, 211)","(247, 343)",228,280.37342209793457,0.9151067733764648,True,41714
A*,703368,"(132, 79)","(256, 145)",336,388.53307895327225,0.7833542823791504,True,33100
Dijkstra,703368,"(132, 79)","(256, 145)",336,388.53307895327225,1.0670580863952637,True,48555
A*,703368,"(167, 182)","(187, 334)",153,160.31697930470946,0.10184931755065918,True,3746
Dijkstra,703368,"(167, 182)","(187, 334)",153,160.31697930470946,0.6491031646728516,True,29996
A*,703368,"(80, 290)","(144, 319)",74,97.18970357460535,0.10649275779724121,True,3420
Dijkstra,703368,"(80, 290)","(144, 319)",74,97.18970357460535,0.2080392837524414,True,10075
A*,703368,"(175, 208)","(247, 150)",211,225.49255719621488,0.4874899387359619,True,19608
Dijkstra,703368,"(175, 208)","(247, 150)",211,225.49255719621488,1.0337281227111816,True,47898
A*,703368,"(59, 180)","(108, 272)",120,128.17508171339531,0.08688950538635254,True,2930
Dijkstra,703368,"(59, 180)","(108, 272)",120,128.17508171339531,0.1884317398071289,True,8825
A*,703368,"(185, 334)","(159, 238)",97,107.51139099287295,0.07855892181396484,True,2855
Dijkstra,703368,"(185, 334)","(159, 238)",97,107.51139099287295,0.3663647174835205,True,17064
A*,703368,"(269, 136)","(112, 80)",344,413.93545984491806,0.7520284652709961,True,31225
Dijkstra,703368,"(269, 136)","(112, 80)",344,413.935459844918,0.9884474277496338,True,45314
A*,703368,"(112, 310)","(162, 159)",152,171.989016432782,0.17501544952392578,True,6798
Dijkstra,703368,"(112, 310)","(162, 159)",152,171.989016432782,0.7509157657623291,True,33236
A*,703368,"(149, 234)","(266, 350)",118,165.49321767972359,0.02235865592956543,True,731
Dijkstra,703368,"(149, 234)","(266, 350)",118,165.49321767972356,0.9812490940093994,True,39803
A*,703368,"(167, 125)","(124, 190)",66,82.811183182043,0.050490379333496094,True,2133
Dijkstra,703368,"(167, 125)","(124, 190)",66,82.811183182043,0.20159292221069336,True,9271
A*,703368,"(265, 312)","(98, 254)",168,203.73549772875046,0.4885871410369873,True,18099
Dijkstra,703368,"(265, 312)","(98, 254)",168,203.73549772875046,0.7336835861206055,True,31475
A*,703368,"(247, 204)","(111, 249)",161,213.53275916199166,0.29229164123535156,True,11151
Dijkstra,703368,"(247, 204)","(111, 249)",161,213.53275916199166,0.6625633239746094,True,29781
A*,703368,"(168, 167)","(267, 128)",265,307.17773989394493,0.753277063369751,True,30195
Dijkstra,703368,"(168, 167)","(267, 128)",265,307.1777398939448,1.175218105316162,True,49946
A*,703368,"(183, 100)","(152, 228)",129,142.39617598912145,0.10398435592651367,True,3486
Dijkstra,703368,"(183, 100)","(152, 228)",129,142.39617598912145,0.2867405414581299,True,13112
A*,703368,"(217, 155)","(162, 106)",284,301.3296687916392,0.3157811164855957,True,13701
Dijkstra,703368,"(217, 155)","(162, 106)",284,301.3296687916392,0.9230661392211914,True,40853
A*,703368,"(54, 279)","(250, 198)",224,252.01965267235602,0.5478942394256592,True,22587
Dijkstra,703368,"(54, 279)","(250, 198)",224,252.01965267235602,1.0352904796600342,True,45269
A*,703368,"(183, 120)","(267, 274)",232,247.8213299151651,0.2364804744720459,True,9481
Dijkstra,703368,"(183, 120)","(267, 274)",232,247.82132991516505,0.8301024436950684,True,36837
A*,703326,"(91, 162)","(121, 77)",132,397.3851946620431,0.1118166446685791,True,4416
Dijkstra,703326,"(91, 162)","(121, 77)",132,397.38519466204315,0.1118614673614502,True,5800
A*,703326,"(23, 207)","(89, 130)",131,576.6865544417363,0.1387937068939209,True,6220
Dijkstra,703326,"(23, 207)","(89, 130)",131,576.6865544417363,0.12496304512023926,True,6159
A*,703326,"(46, 79)","(98, 83)",76,280.24252644078234,0.0324556827545166,True,1709
Dijkstra,703326,"(46, 79)","(98, 83)",76,280.24252644078246,0.05456995964050293,True,2107
A*,703326,"(39, 125)","(172, 127)",212,742.0164600071436,0.21585512161254883,True,9991
Dijkstra,703326,"(39, 125)","(172, 127)",212,742.0164600071436,0.21326398849487305,True,10538
A*,703326,"(109, 126)","(44, 146)",0,inf,0.022495508193969727,False,818
Dijkstra,703326,"(109, 126)","(44, 146)",0,inf,0.010191679000854492,False,648
A*,703326,"(128, 107)","(83, 49)",93,352.61879669017594,0.12687063217163086,True,4198
Dijkstra,703326,"(128, 107)","(83, 49)",93,352.61879669017594,0.09378862380981445,True,4912
A*,703326,"(142, 96)","(21, 60)",154,533.3637562308342,0.1709730625152588,True,7287
Dijkstra,703326,"(142, 96)","(21, 60)",154,533.3637562308343,0.140669584274292,True,7803
A*,703326,"(89, 209)","(116, 115)",0,inf,0.2674872875213623,False,11754
Dijkstra,703326,"(89, 209)","(116, 115)",0,inf,0.20331192016601562,False,10827
A*,703326,"(69, 152)","(90, 148)",22,33.61306971151316,0.01562643051147461,True,312
Dijkstra,703326,"(69, 152)","(90, 148)",22,33.61306971151316,0.018345355987548828,True,583
A*,703326,"(120, 93)","(38, 200)",163,591.2840800885903,0.2012317180633545,True,9074
Dijkstra,703326,"(120, 93)","(38, 200)",163,591.2840800885903,0.15624713897705078,True,8970
A*,703326,"(88, 209)","(59, 94)",143,617.2613215877809,0.11643123626708984,True,5418
Dijkstra,703326,"(88, 209)","(59, 94)",143,617.261321587781,0.10938405990600586,True,5319
A*,703326,"(21, 119)","(55, 174)",85,338.2342832195029,0.04171156883239746,True,1694
Dijkstra,703326,"(21, 119)","(55, 174)",85,338.2342832195029,0.04550004005432129,True,2027
A*,703326,"(101, 108)","(39, 100)",0,inf,0.017048358917236328,False,753
Dijkstra,703326,"(101, 108)","(39, 100)",0,inf,0.008490324020385742,False,709
A*,703326,"(53, 199)","(55, 224)",26,110.17334217922043,0.0281827449798584,True,746
Dijkstra,703326,"(53, 199)","(55, 224)",26,110.17334217922044,0.02274918556213379,True,986
A*,703326,"(123, 96)","(163, 101)",43,127.44774260535749,0.016690969467163086,True,893
Dijkstra,703326,"(123, 96)","(163, 101)",43,127.44774260535749,0.027903318405151367,True,1373
A*,703326,"(159, 53)","(66, 154)",0,inf,0.0,False,305
Dijkstra,703326,"(159, 53)","(66, 154)",0,inf,0.018850088119506836,False,271
A*,703326,"(122, 104)","(55, 171)",0,inf,0.0198211669921875,False,971
Dijkstra,703326,"(122, 104)","(55, 171)",0,inf,0.016526460647583008,False,673
A*,703326,"(50, 119)","(20, 191)",113,482.78942641549247,0.12625551223754883,True,5246
Dijkstra,703326,"(50, 119)","(20, 191)",113,482.78942641549247,0.1250014305114746,True,6553
A*,703326,"(96, 79)","(62, 168)",135,497.34528279220325,0.18843460083007812,True,8017
Dijkstra,703326,"(96, 79)","(62, 168)",135,497.34528279220325,0.15340542793273926,True,8474
A*,703326,"(83, 230)","(171, 81)",260,931.7870857653726,0.21191859245300293,True,9275
Dijkstra,703326,"(83, 230)","(171, 81)",260,931.7870857653726,0.17188000679016113,True,9292
A*,703326,"(112, 106)","(25, 233)",0,inf,0.03486895561218262,False,918
Dijkstra,703326,"(112, 106)","(25, 233)",0,inf,0.01399850845336914,False,681
A*,703326,"(60, 219)","(28, 119)",126,532.0088985747666,0.13454508781433105,True,5291
Dijkstra,703326,"(60, 219)","(28, 119)",126,532.0088985747666,0.09378767013549805,True,5346
A*,703326,"(39, 108)","(101, 112)",0,inf,0.26358532905578613,False,11744
Dijkstra,703326,"(39, 108)","(101, 112)",0,inf,0.2044229507446289,False,10846
A*,703326,"(97, 119)","(56, 150)",0,inf,0.02248215675354004,False,751
Dijkstra,703326,"(97, 119)","(56, 150)",0,inf,0.020192384719848633,False,664
A*,703326,"(141, 85)","(15, 166)",0,inf,0.25286173820495605,False,11845
Dijkstra,703326,"(141, 85)","(15, 166)",0,inf,0.22312402725219727,False,10915
A*,703326,"(162, 110)","(46, 90)",131,416.14562453827733,0.09971785545349121,True,3965
Dijkstra,703326,"(162, 110)","(46, 90)",131,416.1456245382774,0.06563448905944824,True,4108
A*,703326,"(120, 74)","(23, 187)",192,770.2090999319871,0.23017120361328125,True,10704
Dijkstra,703326,"(120, 74)","(23, 187)",192,770.2090999319871,0.19821643829345703,True,10087
A*,703326,"(44, 140)","(28, 109)",72,306.964871665425,0.060526132583618164,True,3023
Dijkstra,703326,"(44, 140)","(28, 109)",72,306.964871665425,0.08088183403015137,True,3604
A*,703326,"(91, 100)","(79, 222)",168,641.3022675166712,0.2512540817260742,True,10856
Dijkstra,703326,"(91, 100)","(79, 222)",168,641.3022675166712,0.18746280670166016,True,10417
A*,703326,"(64, 173)","(88, 160)",80,327.1854969549033,0.06478476524353027,True,3246
Dijkstra,703326,"(64, 173)","(88, 160)",80,327.1854969549033,0.08080410957336426,True,4108
A*,703326,"(25, 61)","(90, 84)",108,418.48816679609945,0.043998003005981445,True,1558
Dijkstra,703326,"(25, 61)","(90, 84)",108,418.48816679609945,0.025350570678710938,True,1600
A*,703326,"(166, 84)","(110, 108)",0,inf,0.2552495002746582,False,11726
Dijkstra,703326,"(166, 84)","(110, 108)",0,inf,0.21875,False,10961
A*,703326,"(44, 207)","(84, 148)",87,350.49466627258937,0.05896902084350586,True,2853
Dijkstra,703326,"(44, 207)","(84, 148)",87,350.49466627258937,0.08614993095397949,True,3520
A*,703326,"(147, 74)","(156, 95)",41,166.13739346237077,0.012306451797485352,True,542
Dijkstra,703326,"(147, 74)","(156, 95)",41,166.13739346237077,0.002840280532836914,True,655
A*,703326,"(66, 143)","(95, 56)",102,306.48404880400227,0.10454082489013672,True,4113
Dijkstra,703326,"(66, 143)","(95, 56)",102,306.48404880400227,0.10425019264221191,True,5507
A*,703326,"(21, 81)","(98, 86)",99,329.06973026520365,0.03988909721374512,True,1866
Dijkstra,703326,"(21, 81)","(98, 86)",99,329.06973026520365,0.05314779281616211,True,2146
A*,703326,"(172, 71)","(54, 53)",157,511.44967062635016,0.11208462715148926,True,5157
Dijkstra,703326,"(172, 71)","(54, 53)",157,511.44967062635016,0.11597156524658203,True,6017
A*,703326,"(39, 186)","(161, 67)",229,780.8216710245459,0.21226859092712402,True,9566
Dijkstra,703326,"(39, 186)","(161, 67)",229,780.8216710245459,0.20310688018798828,True,9592
A*,703326,"(79, 81)","(98, 80)",20,52.15838642139887,0.019730567932128906,True,324
Dijkstra,703326,"(79, 81)","(98, 80)",20,52.15838642139887,0.0025358200073242188,True,470
A*,703326,"(89, 202)","(35, 152)",105,515.2366102348927,0.09663796424865723,True,3759
Dijkstra,703326,"(89, 202)","(35, 152)",105,515.2366102348927,0.0798940658569336,True,4193
A*,703326,"(168, 50)","(129, 121)",0,inf,0.0,False,307
Dijkstra,703326,"(168, 50)","(129, 121)",0,inf,0.01639270782470703,False,271
A*,703326,"(15, 83)","(119, 75)",0,inf,0.0,False,13
Dijkstra,703326,"(15, 83)","(119, 75)",0,inf,0.0002970695495605469,False,13
A*,703326,"(23, 231)","(34, 133)",131,558.5531336864586,0.06970667839050293,True,3627
Dijkstra,703326,"(23, 231)","(34, 133)",131,558.5531336864586,0.08069539070129395,True,4032
A*,703326,"(52, 138)","(22, 224)",114,460.5191449309159,0.1501014232635498,True,6225
Dijkstra,703326,"(52, 138)","(22, 224)",114,460.5191449309159,0.16575050354003906,True,8063
A*,703326,"(71, 176)","(59, 238)",156,637.1676468565462,0.14971280097961426,True,6926
Dijkstra,703326,"(71, 176)","(59, 238)",156,637.1676468565462,0.1874990463256836,True,9334
A*,703326,"(39, 102)","(59, 207)",134,535.4423515844727,0.16482234001159668,True,7344
Dijkstra,703326,"(39, 102)","(59, 207)",134,535.4423515844727,0.17191863059997559,True,8829
A*,703326,"(157, 74)","(87, 122)",150,483.8738762793926,0.11316442489624023,True,5310
Dijkstra,703326,"(157, 74)","(87, 122)",150,483.8738762793925,0.12503790855407715,True,5807
A*,703326,"(63, 84)","(28, 216)",200,728.9276232743975,0.23219084739685059,True,11071
Dijkstra,703326,"(63, 84)","(28, 216)",200,728.9276232743975,0.2031259536743164,True,10446
A*,703326,"(70, 220)","(91, 212)",62,304.52999459250935,0.05708765983581543,True,2101
Dijkstra,703326,"(70, 220)","(91, 212)",62,304.52999459250935,0.04922986030578613,True,2428
A*,703326,"(108, 50)","(83, 210)",216,926.5248251865622,0.22606301307678223,True,10580
Dijkstra,703326,"(108, 50)","(83, 210)",216,926.5248251865622,0.2031264305114746,True,10075
A*,703326,"(56, 175)","(80, 171)",84,330.1439521096689,0.1040794849395752,True,4280
Dijkstra,703326,"(56, 175)","(80, 171)",84,330.1439521096689,0.09813952445983887,True,5165
A*,703323,"(107, 164)","(127, 222)",153,381.57501518260557,0.1674058437347412,True,6792
Dijkstra,703323,"(107, 164)","(127, 222)",153,381.57501518260557,0.19398880004882812,True,9584
A*,703323,"(119, 174)","(87, 156)",98,275.09317461285616,0.08796048164367676,True,3568
Dijkstra,703323,"(119, 174)","(87, 156)",98,275.0931746128562,0.13042497634887695,True,6683
A*,703323,"(169, 189)","(271, 194)",112,241.25829736516098,0.13962197303771973,True,5773
Dijkstra,703323,"(169, 189)","(271, 194)",112,241.25829736516098,0.2077629566192627,True,9559
A*,703323,"(118, 171)","(44, 195)",116,260.69724459578674,0.08082413673400879,True,3221
Dijkstra,703323,"(118, 171)","(44, 195)",116,260.69724459578674,0.09072017669677734,True,5053
A*,703323,"(109, 232)","(266, 342)",0,inf,0.5928192138671875,False,25474
Dijkstra,703323,"(109, 232)","(266, 342)",0,inf,0.45723724365234375,False,22622
A*,703323,"(86, 241)","(53, 193)",67,140.25853837763802,0.044887542724609375,True,1543
Dijkstra,703323,"(86, 241)","(53, 193)",67,140.25853837763802,0.07561683654785156,True,3167
A*,703323,"(68, 250)","(249, 209)",247,470.4107486234829,0.3510432243347168,True,15499
Dijkstra,703323,"(68, 250)","(249, 209)",247,470.41074862348296,0.34294605255126953,True,16454
A*,703323,"(66, 323)","(104, 233)",159,308.1289260193356,0.15282344818115234,True,6697
Dijkstra,703323,"(66, 323)","(104, 233)",159,308.1289260193356,0.1562483310699463,True,8087
A*,703323,"(253, 196)","(204, 163)",77,181.60766222040348,0.06518006324768066,True,2435
Dijkstra,703323,"(253, 196)","(204, 163)",77,181.60766222040345,0.0964972972869873,True,4670
A*,703323,"(116, 156)","(134, 158)",23,124.45519799321715,0.0,True,242
Dijkstra,703323,"(116, 156)","(134, 158)",23,124.45519799321717,0.01732802391052246,True,289
A*,703323,"(116, 231)","(78, 389)",0,inf,0.5926530361175537,False,25878
Dijkstra,703323,"(116, 231)","(78, 389)",0,inf,0.4880349636077881,False,22651
A*,703323,"(161, 186)","(233, 223)",106,251.4660308395553,0.19809770584106445,True,5483
Dijkstra,703323,"(161, 186)","(233, 223)",106,251.4660308395553,0.20316123962402344,True,9459
A*,703323,"(274, 261)","(261, 260)",14,13.414213562373096,0.0,True,14
Dijkstra,703323,"(274, 261)","(261, 260)",14,13.414213562373096,0.015619277954101562,True,370
A*,703323,"(267, 129)","(234, 151)",53,77.86892596854378,0.05500984191894531,True,1751
Dijkstra,703323,"(267, 129)","(234, 151)",53,77.86892596854378,0.04891681671142578,True,2152
A*,703323,"(50, 192)","(147, 147)",0,inf,0.6061456203460693,False,25083
Dijkstra,703323,"(50, 192)","(147, 147)",0,inf,0.48691415786743164,False,22596
A*,703323,"(75, 198)","(255, 369)",0,inf,0.5970504283905029,False,25608
Dijkstra,703323,"(75, 198)","(255, 369)",0,inf,0.4847397804260254,False,22590
A*,703323,"(42, 264)","(55, 166)",127,226.49935018693026,0.05902814865112305,True,2699
Dijkstra,703323,"(42, 264)","(55, 166)",127,226.49935018693026,0.09623241424560547,True,4567
A*,703323,"(259, 252)","(34, 352)",434,795.3902154759918,0.5334999561309814,True,21166
Dijkstra,703323,"(259, 252)","(34, 352)",434,795.3902154759922,0.5352737903594971,True,21876
A*,703323,"(268, 287)","(70, 243)",319,648.9885987167081,0.3750946521759033,True,14718
Dijkstra,703323,"(268, 287)","(70, 243)",319,648.9885987167085,0.3125040531158447,True,14599
A*,703323,"(259, 373)","(69, 385)",0,inf,0.05323386192321777,False,1648
Dijkstra,703323,"(259, 373)","(69, 385)",0,inf,0.027631282806396484,False,1513
A*,703323,"(30, 192)","(265, 159)",240,463.2723727667934,0.2875688076019287,True,12254
Dijkstra,703323,"(30, 192)","(265, 159)",240,463.27237276679347,0.3220555782318115,True,15974
A*,703323,"(68, 294)","(59, 198)",97,160.72366875244137,0.04671478271484375,True,1518
Dijkstra,703323,"(68, 294)","(59, 198)",97,160.72366875244137,0.0913994312286377,True,3947
A*,703323,"(139, 214)","(278, 147)",311,598.5634386029421,0.31452369689941406,True,13382
Dijkstra,703323,"(139, 214)","(278, 147)",311,598.5634386029423,0.3296647071838379,True,17000
A*,703323,"(288, 367)","(131, 179)",0,inf,0.04082655906677246,False,1770
Dijkstra,703323,"(288, 367)","(131, 179)",0,inf,0.04516482353210449,False,1525
A*,703323,"(71, 157)","(220, 220)",219,536.6105566465081,0.29200029373168945,True,12115
Dijkstra,703323,"(71, 157)","(220, 220)",219,536.6105566465081,0.36048436164855957,True,17378
A*,703323,"(258, 295)","(68, 158)",307,707.291190438932,0.3830146789550781,True,16921
Dijkstra,703323,"(258, 295)","(68, 158)",307,707.291190438932,0.35288500785827637,True,16743
A*,703323,"(35, 248)","(201, 140)",240,532.1655113733362,0.3618659973144531,True,16320
Dijkstra,703323,"(35, 248)","(201, 140)",240,532.1655113733362,0.375,True,17913
A*,703323,"(201, 144)","(263, 167)",98,243.06616886719394,0.0614778995513916,True,2736
Dijkstra,703323,"(201, 144)","(263, 167)",98,243.06616886719394,0.08121991157531738,True,4023
A*,703323,"(203, 199)","(280, 223)",119,296.8338225813383,0.1965625286102295,True,8049
Dijkstra,703323,"(203, 199)","(280, 223)",119,296.83382258133827,0.2031245231628418,True,9769
A*,703323,"(72, 408)","(66, 203)",0,inf,0.02867412567138672,False,1050
Dijkstra,703323,"(72, 408)","(66, 203)",0,inf,0.010914325714111328,False,919
A*,703323,"(202, 137)","(270, 320)",0,inf,0.5914397239685059,False,25587
Dijkstra,703323,"(202, 137)","(270, 320)",0,inf,0.45667123794555664,False,22596
A*,703323,"(128, 216)","(138, 235)",20,35.84151034764524,0.03125762939453125,True,799
Dijkstra,703323,"(128, 216)","(138, 235)",20,35.84151034764524,0.022221803665161133,True,984
A*,703323,"(286, 300)","(163, 198)",197,433.69080763384886,0.15669488906860352,True,6935
Dijkstra,703323,"(286, 300)","(163, 198)",197,433.69080763384903,0.1718752384185791,True,8682
A*,703323,"(72, 353)","(256, 342)",0,inf,0.5887563228607178,False,25495
Dijkstra,703323,"(72, 353)","(256, 342)",0,inf,0.45673131942749023,False,22546
A*,703323,"(268, 279)","(281, 371)",0,inf,0.5941803455352783,False,25478
Dijkstra,703323,"(268, 279)","(281, 371)",0,inf,0.45514535903930664,False,22683
A*,703323,"(245, 199)","(65, 339)",323,609.3630918439865,0.4552433490753174,True,19007
Dijkstra,703323,"(245, 199)","(65, 339)",323,609.3630918439865,0.40819239616394043,True,20722
A*,703323,"(85, 206)","(254, 303)",279,552.3340223086194,0.5161962509155273,True,22115
Dijkstra,703323,"(85, 206)","(254, 303)",279,552.3340223086194,0.46913790702819824,True,22172
A*,703323,"(70, 282)","(203, 166)",229,420.8123441552817,0.2914116382598877,True,13103
Dijkstra,703323,"(70, 282)","(203, 166)",229,420.8123441552818,0.2741842269897461,True,12849
A*,703323,"(34, 332)","(75, 223)",148,334.28108821789993,0.10626554489135742,True,3857
Dijkstra,703323,"(34, 332)","(75, 223)",148,334.28108821789993,0.07657742500305176,True,4303
A*,703323,"(145, 223)","(119, 185)",186,418.7954316076942,0.21483254432678223,True,8764
Dijkstra,703323,"(145, 223)","(119, 185)",186,418.79543160769435,0.22936630249023438,True,10877
A*,703323,"(65, 363)","(126, 231)",216,368.7474175228186,0.17259716987609863,True,7855
Dijkstra,703323,"(65, 363)","(126, 231)",216,368.7474175228186,0.21851730346679688,True,9475
A*,703323,"(53, 287)","(105, 241)",184,433.77856249502514,0.16582083702087402,True,7293
Dijkstra,703323,"(53, 287)","(105, 241)",184,433.77856249502514,0.1718738079071045,True,8663
A*,703323,"(251, 251)","(128, 209)",323,698.5160858028154,0.43050384521484375,True,18608
Dijkstra,703323,"(251, 251)","(128, 209)",323,698.5160858028156,0.3946847915649414,True,18897
A*,703323,"(136, 236)","(246, 163)",289,578.006683742534,0.27802085876464844,True,11664
Dijkstra,703323,"(136, 236)","(246, 163)",289,578.006683742534,0.28546595573425293,True,14762
A*,703323,"(245, 203)","(242, 131)",111,301.4888349192453,0.1882627010345459,True,8531
Dijkstra,703323,"(245, 203)","(242, 131)",111,301.4888349192453,0.23459172248840332,True,10463
A*,703323,"(30, 239)","(187, 184)",189,362.77128891183054,0.22888731956481934,True,9687
Dijkstra,703323,"(30, 239)","(187, 184)",189,362.77128891183054,0.24094581604003906,True,11888
A*,703323,"(274, 280)","(76, 178)",279,593.1625116867772,0.32039761543273926,True,12798
Dijkstra,703323,"(274, 280)","(76, 178)",279,593.1625116867772,0.27529144287109375,True,13229
A*,703323,"(250, 174)","(51, 164)",229,447.81659843452394,0.29241347312927246,True,12464
Dijkstra,703323,"(250, 174)","(51, 164)",229,447.81659843452394,0.30339527130126953,True,15397
A*,703323,"(47, 328)","(268, 291)",427,869.6315074450766,0.5332262516021729,True,22499
Dijkstra,703323,"(47, 328)","(268, 291)",427,869.6315074450766,0.43911314010620117,True,21410
A*,703323,"(136, 236)","(255, 323)",0,inf,0.6264104843139648,False,25203
Dijkstra,703323,"(136, 236)","(255, 323)",0,inf,0.47241640090942383,False,22607
A*,703323,"(274, 294)","(72, 410)",0,inf,0.6410272121429443,False,26027
Dijkstra,703323,"(274, 294)","(72, 410)",0,inf,0.4552328586578369,False,22681
A*,703323,"(127, 208)","(263, 374)",0,inf,0.6292626857757568,False,25405
Dijkstra,703323,"(127, 208)","(263, 374)",0,inf,0.5463201999664307,False,22642
A*,703323,"(250, 243)","(62, 382)",0,inf,0.720029354095459,False,26015
Dijkstra,703323,"(250, 243)","(62, 382)",0,inf,0.5354187488555908,False,22585
A*,703372,"(142, 350)","(153, 424)",79,197.3372106914669,0.049775123596191406,True,1638
Dijkstra,703372,"(142, 350)","(153, 424)",79,197.3372106914669,0.11179733276367188,True,4065
A*,703372,"(132, 158)","(163, 421)",285,727.70579264246,0.3732149600982666,True,16054
Dijkstra,703372,"(132, 158)","(163, 421)",285,727.70579264246,0.3446073532104492,True,16891
A*,703372,"(163, 354)","(170, 426)",91,301.72234963279857,0.09740424156188965,True,3547
Dijkstra,703372,"(163, 354)","(170, 426)",91,301.72234963279857,0.11480331420898438,True,5630
A*,703372,"(145, 48)","(186, 48)",45,163.61783255246544,0.03065943717956543,True,1340
Dijkstra,703372,"(145, 48)","(186, 48)",45,163.61783255246544,0.0655517578125,True,1989
A*,703372,"(169, 227)","(132, 283)",81,237.04486689755447,0.06051445007324219,True,2927
Dijkstra,703372,"(169, 227)","(132, 283)",81,237.0448668975545,0.0963895320892334,True,4323
A*,703372,"(177, 345)","(156, 175)",191,457.56318692878136,0.19796514511108398,True,8324
Dijkstra,703372,"(177, 345)","(156, 175)",191,457.56318692878136,0.2187516689300537,True,11517
A*,703372,"(175, 364)","(165, 453)",112,308.6692488074064,0.1364424228668213,True,4730
Dijkstra,703372,"(175, 364)","(165, 453)",112,308.6692488074064,0.14172792434692383,True,6960
A*,703372,"(135, 122)","(168, 407)",310,748.6941376249852,0.43898463249206543,True,16982
Dijkstra,703372,"(135, 122)","(168, 407)",310,748.6941376249852,0.34379029273986816,True,16318
A*,703372,"(143, 250)","(185, 128)",187,516.2765250180778,0.21879267692565918,True,9243
Dijkstra,703372,"(143, 250)","(185, 128)",187,516.2765250180777,0.281247615814209,True,13513
A*,703372,"(170, 302)","(168, 459)",173,494.09691631097957,0.22229862213134766,True,9736
Dijkstra,703372,"(170, 302)","(168, 459)",173,494.09691631097957,0.2656240463256836,True,13477
A*,703372,"(156, 205)","(178, 46)",178,443.00117706389597,0.23539161682128906,True,10425
Dijkstra,703372,"(156, 205)","(178, 46)",178,443.00117706389597,0.3125007152557373,True,14858
A*,703372,"(142, 113)","(177, 465)",383,872.6483419429172,0.4238746166229248,True,19388
Dijkstra,703372,"(142, 113)","(177, 465)",383,872.6483419429172,0.3614344596862793,True,18221
A*,703372,"(159, 162)","(135, 460)",318,739.802971812344,0.41745996475219727,True,18410
Dijkstra,703372,"(159, 162)","(135, 460)",318,739.802971812344,0.34859728813171387,True,18219
A*,703372,"(153, 380)","(185, 471)",121,282.4620246589031,0.12160754203796387,True,5240
Dijkstra,703372,"(153, 380)","(185, 471)",121,282.4620246589031,0.16167449951171875,True,7985
A*,703372,"(128, 171)","(134, 367)",223,547.8174788880403,0.27916932106018066,True,11473
Dijkstra,703372,"(128, 171)","(134, 367)",223,547.8174788880403,0.26973509788513184,True,14642
A*,703372,"(135, 115)","(143, 309)",216,561.7143170443592,0.26429271697998047,True,11762
Dijkstra,703372,"(135, 115)","(143, 309)",216,561.7143170443592,0.22210693359375,True,11807
A*,703372,"(155, 283)","(174, 255)",44,151.41368542871416,0.05549764633178711,True,2268
Dijkstra,703372,"(155, 283)","(174, 255)",44,151.41368542871416,0.0799567699432373,True,3706
A*,703372,"(134, 305)","(170, 197)",140,402.5534326404128,0.16635513305664062,True,7645
Dijkstra,703372,"(134, 305)","(170, 197)",140,402.5534326404128,0.21584868431091309,True,10723
A*,703372,"(168, 412)","(151, 226)",196,460.08856736854636,0.18308019638061523,True,7690
Dijkstra,703372,"(168, 412)","(151, 226)",196,460.08856736854636,0.1874990463256836,True,9612
A*,703372,"(162, 340)","(159, 224)",127,366.1024100051019,0.14883756637573242,True,6961
Dijkstra,703372,"(162, 340)","(159, 224)",127,366.1024100051019,0.20312285423278809,True,9627
A*,703372,"(165, 385)","(159, 329)",69,220.13210199831306,0.06645345687866211,True,2647
Dijkstra,703372,"(165, 385)","(159, 329)",69,220.13210199831306,0.09715580940246582,True,4430
A*,703372,"(161, 191)","(142, 152)",0,inf,0.4468412399291992,False,20556
Dijkstra,703372,"(161, 191)","(142, 152)",0,inf,0.4231245517730713,False,19336
A*,703372,"(185, 109)","(185, 462)",430,1053.5857956647071,0.4384462833404541,True,19837
Dijkstra,703372,"(185, 109)","(185, 462)",430,1053.5857956647071,0.377091646194458,True,18761
A*,703372,"(147, 334)","(170, 123)",220,526.6849129928769,0.2861802577972412,True,12277
Dijkstra,703372,"(147, 334)","(170, 123)",220,526.6849129928769,0.30844807624816895,True,15285
A*,703372,"(172, 236)","(164, 254)",43,159.56374618246468,0.028482913970947266,True,1314
Dijkstra,703372,"(172, 236)","(164, 254)",43,159.56374618246468,0.04639697074890137,True,1864
A*,703372,"(156, 446)","(163, 181)",276,603.9331234068259,0.26763081550598145,True,12019
Dijkstra,703372,"(156, 446)","(163, 181)",276,603.9331234068259,0.2390439510345459,True,11726
A*,703372,"(143, 70)","(177, 410)",367,859.2011494831885,0.48732829093933105,True,17492
Dijkstra,703372,"(143, 70)","(177, 410)",367,859.2011494831885,0.4619572162628174,True,16740
A*,703372,"(175, 283)","(164, 237)",79,231.43191689453755,0.09604573249816895,True,2750
Dijkstra,703372,"(175, 283)","(164, 237)",79,231.43191689453755,0.13422060012817383,True,4270
A*,703372,"(170, 105)","(137, 358)",295,744.4511523047433,0.41591715812683105,True,15244
Dijkstra,703372,"(170, 105)","(137, 358)",295,744.4511523047433,0.3750011920928955,True,14648
A*,703372,"(185, 413)","(174, 353)",0,inf,0.0,False,184
Dijkstra,703372,"(185, 413)","(174, 353)",0,inf,0.0,False,180
A*,703372,"(186, 302)","(131, 446)",218,547.0260418891575,0.27258729934692383,True,10851
Dijkstra,703372,"(186, 302)","(131, 446)",218,547.0260418891575,0.3095853328704834,True,14715
A*,703372,"(129, 367)","(158, 185)",204,505.7431661980264,0.25920629501342773,True,9833
Dijkstra,703372,"(129, 367)","(158, 185)",204,505.7431661980264,0.28873395919799805,True,11788
A*,703372,"(174, 417)","(152, 438)",32,96.3585673150528,0.0,True,531
Dijkstra,703372,"(174, 417)","(152, 438)",32,96.3585673150528,0.021929264068603516,True,555
A*,703372,"(128, 206)","(153, 460)",317,754.7781205282726,0.3799781799316406,True,14966
Dijkstra,703372,"(128, 206)","(153, 460)",317,754.7781205282726,0.35007786750793457,True,17462
A*,703372,"(146, 389)","(154, 234)",156,349.44699069595174,0.14978575706481934,True,6668
Dijkstra,703372,"(146, 389)","(154, 234)",156,349.44699069595174,0.19606947898864746,True,9259
A*,703372,"(162, 149)","(153, 307)",168,412.0959327961048,0.16840386390686035,True,7252
Dijkstra,703372,"(162, 149)","(153, 307)",168,412.0959327961048,0.2187495231628418,True,10851
A*,703372,"(154, 429)","(153, 384)",46,102.02032853385458,0.03236222267150879,True,793
Dijkstra,703372,"(154, 429)","(153, 384)",46,102.02032853385458,0.026128053665161133,True,1562
A*,703372,"(168, 46)","(148, 276)",244,580.3697290379987,0.2206251621246338,True,9435
Dijkstra,703372,"(168, 46)","(148, 276)",244,580.3697290379987,0.18749713897705078,True,9927
A*,703372,"(149, 339)","(179, 162)",199,474.59195968021254,0.25805163383483887,True,11174
Dijkstra,703372,"(149, 339)","(179, 162)",199,474.59195968021254,0.2812514305114746,True,13825
A*,703372,"(143, 199)","(153, 100)",109,293.6733976886939,0.06320953369140625,True,2633
Dijkstra,703372,"(143, 199)","(153, 100)",109,293.6733976886939,0.1117403507232666,True,5140
A*,703372,"(142, 308)","(130, 56)",282,673.9342816883402,0.354384183883667,True,16080
Dijkstra,703372,"(142, 308)","(130, 56)",282,673.9342816883402,0.36586976051330566,True,18427
A*,703372,"(172, 267)","(132, 254)",45,202.105589489874,0.051549673080444336,True,2177
Dijkstra,703372,"(172, 267)","(132, 254)",45,202.105589489874,0.08159208297729492,True,3362
A*,703372,"(163, 274)","(148, 142)",150,384.8180613602724,0.15015673637390137,True,6537
Dijkstra,703372,"(163, 274)","(148, 142)",150,384.8180613602724,0.21871638298034668,True,10450
A*,703372,"(153, 389)","(146, 463)",78,183.77437523843042,0.0660104751586914,True,2544
Dijkstra,703372,"(153, 389)","(146, 463)",78,183.77437523843042,0.09617137908935547,True,4877
A*,703372,"(156, 243)","(155, 94)",150,353.95938901895875,0.15238094329833984,True,6664
Dijkstra,703372,"(156, 243)","(155, 94)",150,353.95938901895875,0.23433852195739746,True,11581
A*,703372,"(166, 399)","(174, 102)",323,825.1706049960611,0.40723681449890137,True,17617
Dijkstra,703372,"(166, 399)","(174, 102)",323,825.1706049960611,0.3281261920928955,True,16877
A*,703372,"(171, 54)","(144, 345)",312,763.0525316196429,0.3173198699951172,True,14268
Dijkstra,703372,"(171, 54)","(144, 345)",312,763.0525316196429,0.292616605758667,True,13771
A*,703372,"(154, 371)","(136, 98)",286,661.0281215941374,0.35428428649902344,True,16093
Dijkstra,703372,"(154, 371)","(136, 98)",286,661.0281215941374,0.32210755348205566,True,16368
A*,703372,"(156, 332)","(150, 194)",140,325.15611417168435,0.14051032066345215,True,5955
Dijkstra,703372,"(156, 332)","(150, 194)",140,325.15611417168435,0.20316195487976074,True,9673
A*,703372,"(163, 341)","(198, 177)",215,528.3301325472194,0.25696420669555664,True,11156
Dijkstra,703372,"(163, 341)","(198, 177)",215,528.3301325472194,0.2656254768371582,True,13727
A*,703372,"(177, 107)","(196, 469)",432,1040.2507393036656,0.45412492752075195,True,20069
Dijkstra,703372,"(177, 107)","(196, 469)",432,1040.2507393036656,0.3887772560119629,True,18966
A*,703372,"(167, 377)","(150, 19)",384,927.6583802121186,0.48540377616882324,True,20318
Dijkstra,703372,"(167, 377)","(150, 19)",384,927.6583802121186,0.377044677734375,True,19199
A*,703381,"(166, 386)","(224, 269)",162,348.4609126746505,0.17223834991455078,True,6337
Dijkstra,703381,"(166, 386)","(224, 269)",162,348.46091267465056,0.43749356269836426,True,17957
A*,703381,"(231, 287)","(216, 378)",0,inf,1.5221843719482422,False,63626
Dijkstra,703381,"(231, 287)","(216, 378)",0,inf,1.1934223175048828,False,55815
A*,703381,"(103, 283)","(55, 311)",123,239.61049624197528,0.11257147789001465,True,3916
Dijkstra,703381,"(103, 283)","(55, 311)",123,239.61049624197528,0.13108563423156738,True,6289
A*,703381,"(262, 239)","(260, 107)",0,inf,1.5584754943847656,False,65519
Dijkstra,703381,"(262, 239)","(260, 107)",0,inf,1.191558837890625,False,55611
A*,703381,"(243, 195)","(85, 389)",346,674.362436396749,0.9093546867370605,True,38118
Dijkstra,703381,"(243, 195)","(85, 389)",346,674.362436396749,0.9728593826293945,True,45450
A*,703381,"(95, 347)","(128, 296)",0,inf,1.4893982410430908,False,63658
Dijkstra,703381,"(95, 347)","(128, 296)",0,inf,1.1759440898895264,False,56034
A*,703381,"(259, 114)","(115, 191)",0,inf,0.15889692306518555,False,6216
Dijkstra,703381,"(259, 114)","(115, 191)",0,inf,0.10936808586120605,False,4174
A*,703381,"(147, 277)","(67, 85)",0,inf,0.24926471710205078,False,11022
Dijkstra,703381,"(147, 277)","(67, 85)",0,inf,0.1874992847442627,False,9135
A*,703381,"(128, 223)","(54, 217)",0,inf,0.2353990077972412,False,9742
Dijkstra,703381,"(128, 223)","(54, 217)",0,inf,0.20308995246887207,False,9293
A*,703381,"(85, 172)","(142, 384)",0,inf,0.0,False,149
Dijkstra,703381,"(85, 172)","(142, 384)",0,inf,0.0,False,125
A*,703381,"(93, 319)","(267, 234)",324,593.6206039233206,0.9728732109069824,True,42083
Dijkstra,703381,"(93, 319)","(267, 234)",324,593.6206039233206,1.0665230751037598,True,50381
A*,703381,"(228, 306)","(183, 428)",186,401.2976128646398,0.32458043098449707,True,13590
Dijkstra,703381,"(228, 306)","(183, 428)",186,401.2976128646397,0.5312490463256836,True,25605
A*,703381,"(212, 407)","(124, 311)",0,inf,1.4773797988891602,False,63148
Dijkstra,703381,"(212, 407)","(124, 311)",0,inf,1.1754140853881836,False,55704
A*,703381,"(142, 214)","(179, 282)",0,inf,0.0016231536865234375,False,561
Dijkstra,703381,"(142, 214)","(179, 282)",0,inf,0.020542621612548828,False,536
A*,703381,"(53, 145)","(247, 327)",415,843.1181488992294,1.2485108375549316,True,53224
Dijkstra,703381,"(53, 145)","(247, 327)",415,843.1181488992294,1.1602113246917725,True,53751
A*,703381,"(92, 244)","(91, 320)",77,106.09765776003357,0.022612810134887695,True,1028
Dijkstra,703381,"(92, 244)","(91, 320)",77,106.09765776003357,0.12875938415527344,True,5972
A*,703381,"(46, 369)","(141, 123)",0,inf,1.5885956287384033,False,64988
Dijkstra,703381,"(46, 369)","(141, 123)",0,inf,1.2550568580627441,False,55583
A*,703381,"(259, 372)","(220, 94)",0,inf,1.7415497303009033,False,65136
Dijkstra,703381,"(259, 372)","(220, 94)",0,inf,1.1889598369598389,False,55663
A*,703381,"(89, 156)","(42, 381)",261,453.5680328514605,0.4087095260620117,True,17005
Dijkstra,703381,"(89, 156)","(42, 381)",261,453.5680328514605,0.5333805084228516,True,24554
A*,703381,"(79, 155)","(138, 291)",0,inf,1.5050270557403564,False,63626
Dijkstra,703381,"(79, 155)","(138, 291)",0,inf,1.191528558731079,False,55564
A*,703381,"(192, 113)","(80, 185)",0,inf,0.37601685523986816,False,16111
Dijkstra,703381,"(192, 113)","(80, 185)",0,inf,0.2656269073486328,False,12000
A*,703381,"(46, 392)","(97, 362)",52,131.6768473975924,0.11113405227661133,True,4257
Dijkstra,703381,"(46, 392)","(97, 362)",52,131.6768473975924,0.06655287742614746,True,3209
A*,703381,"(46, 390)","(230, 209)",325,649.2016598180892,0.9224729537963867,True,38143
Dijkstra,703381,"(46, 390)","(230, 209)",325,649.2016598180893,1.064932107925415,True,49653
A*,703381,"(88, 252)","(115, 393)",187,326.14823784094267,0.41344618797302246,True,16070
Dijkstra,703381,"(88, 252)","(115, 393)",187,326.1482378409427,0.5262489318847656,True,23063
A*,703381,"(102, 226)","(175, 426)",255,558.2217775104639,0.6914446353912354,True,29241
Dijkstra,703381,"(102, 226)","(175, 426)",255,558.2217775104639,0.7365410327911377,True,34559
A*,703381,"(86, 130)","(253, 144)",0,inf,0.3760342597961426,False,14999
Dijkstra,703381,"(86, 130)","(253, 144)",0,inf,0.2499985694885254,False,12217
A*,703381,"(274, 311)","(201, 359)",140,256.3342481590987,0.09981966018676758,True,3564
Dijkstra,703381,"(274, 311)","(201, 359)",140,256.3342481590987,0.1834869384765625,True,8831
A*,703381,"(35, 147)","(157, 223)",0,inf,1.5525305271148682,False,64812
Dijkstra,703381,"(35, 147)","(157, 223)",0,inf,1.1764099597930908,False,55534
A*,703381,"(118, 319)","(246, 80)",0,inf,1.5206034183502197,False,65521
Dijkstra,703381,"(118, 319)","(246, 80)",0,inf,1.1759991645812988,False,55671
A*,703381,"(253, 380)","(156, 157)",356,579.9235442081592,0.7821464538574219,True,33229
Dijkstra,703381,"(253, 380)","(156, 157)",356,579.9235442081592,0.9103047847747803,True,42899
A*,703381,"(156, 150)","(266, 407)",0,inf,0.0,False,67
Dijkstra,703381,"(156, 150)","(266, 407)",0,inf,0.0,False,66
A*,703381,"(102, 413)","(46, 337)",137,304.75793214814865,0.16736769676208496,True,6403
Dijkstra,703381,"(102, 413)","(46, 337)",137,304.75793214814877,0.23989248275756836,True,11708
A*,703381,"(141, 266)","(41, 177)",0,inf,0.2538430690765381,False,10697
Dijkstra,703381,"(141, 266)","(41, 177)",0,inf,0.18570637702941895,False,9082
A*,703381,"(211, 291)","(134, 66)",0,inf,1.5994243621826172,False,65029
Dijkstra,703381,"(211, 291)","(134, 66)",0,inf,1.285750150680542,False,55543
A*,703381,"(137, 279)","(110, 111)",0,inf,0.2975900173187256,False,11009
Dijkstra,703381,"(137, 279)","(110, 111)",0,inf,0.20316076278686523,False,9100
A*,703381,"(84, 326)","(132, 216)",0,inf,1.646484136581421,False,63778
Dijkstra,703381,"(84, 326)","(132, 216)",0,inf,1.190931797027588,False,55693
A*,703381,"(128, 297)","(42, 114)",0,inf,0.27251601219177246,False,11688
Dijkstra,703381,"(128, 297)","(42, 114)",0,inf,0.1874985694885254,False,9134
A*,703381,"(180, 249)","(206, 234)",0,inf,0.2310655117034912,False,9577
Dijkstra,703381,"(180, 249)","(206, 234)",0,inf,0.20312786102294922,False,9100
A*,703381,"(138, 107)","(183, 226)",0,inf,0.36084413528442383,False,15278
Dijkstra,703381,"(138, 107)","(183, 226)",0,inf,0.2656254768371582,False,12063
A*,703381,"(114, 384)","(220, 190)",282,493.3469211329067,0.42340731620788574,True,17926
Dijkstra,703381,"(114, 384)","(220, 190)",282,493.34692113290663,0.8795416355133057,True,41618
A*,703381,"(139, 146)","(160, 330)",0,inf,0.0,False,138
Dijkstra,703381,"(139, 146)","(160, 330)",0,inf,0.0,False,126
A*,703381,"(198, 389)","(148, 195)",0,inf,1.52154541015625,False,64498
Dijkstra,703381,"(198, 389)","(148, 195)",0,inf,1.1905298233032227,False,55806
A*,703381,"(193, 180)","(120, 414)",321,571.5913286970521,0.6740717887878418,True,28535
Dijkstra,703381,"(193, 180)","(120, 414)",321,571.5913286970522,0.6578030586242676,True,31646
A*,703381,"(241, 388)","(61, 328)",219,467.30179032161226,0.5229856967926025,True,22221
Dijkstra,703381,"(241, 388)","(61, 328)",219,467.30179032161226,0.7012560367584229,True,33822
A*,703381,"(208, 407)","(185, 326)",0,inf,1.490429401397705,False,63280
Dijkstra,703381,"(208, 407)","(185, 326)",0,inf,1.1906406879425049,False,55825
A*,703381,"(139, 223)","(105, 398)",0,inf,0.018178224563598633,False,738
Dijkstra,703381,"(139, 223)","(105, 398)",0,inf,0.015439510345458984,False,697
A*,703381,"(180, 338)","(169, 344)",53,169.8497187487994,0.044359683990478516,True,1749
Dijkstra,703381,"(180, 338)","(169, 344)",53,169.8497187487994,0.06429195404052734,True,2953
A*,703381,"(146, 137)","(103, 409)",0,inf,0.3107030391693115,False,13281
Dijkstra,703381,"(146, 137)","(103, 409)",0,inf,0.2656590938568115,False,11998
A*,703381,"(45, 326)","(192, 343)",158,372.1181985597276,0.29890966415405273,True,13152
Dijkstra,703381,"(45, 326)","(192, 343)",158,372.11819855972755,0.4416158199310303,True,21092
A*,703381,"(38, 390)","(43, 228)",225,397.46993529767826,0.3683810234069824,True,15184
Dijkstra,703381,"(38, 390)","(43, 228)",225,397.46993529767826,0.47532200813293457,True,23158
A*,703381,"(261, 401)","(50, 275)",354,671.3315849276602,0.8166084289550781,True,33979
Dijkstra,703381,"(261, 401)","(50, 275)",354,671.3315849276601,0.8769519329071045,True,41533
A*,703381,"(146, 243)","(258, 339)",0,inf,0.021033287048339844,False,759
Dijkstra,703381,"(146, 243)","(258, 339)",0,inf,0.014632463455200195,False,698
A*,703381,"(130, 157)","(166, 391)",357,749.2791218797546,1.374730110168457,True,58585
Dijkstra,703381,"(130, 157)","(166, 391)",357,749.2791218797546,1.1755475997924805,True,55035
A*,703428,"(144, 423)","(129, 464)",106,278.74360435770666,0.14189648628234863,True,6012
Dijkstra,703428,"(144, 423)","(129, 464)",106,278.74360435770666,0.20442438125610352,True,10017
A*,703428,"(169, 164)","(200, 172)",32,79.7730628250046,0.0204927921295166,True,488
Dijkstra,703428,"(169, 164)","(200, 172)",32,79.7730628250046,0.014632701873779297,True,679
A*,703428,"(214, 336)","(201, 395)",197,1086.401110867573,0.5271251201629639,True,23242
Dijkstra,703428,"(214, 336)","(201, 395)",197,1086.401110867573,0.5661296844482422,True,27472
A*,703428,"(127, 143)","(91, 25)",158,754.9677528950373,0.24393892288208008,True,10986
Dijkstra,703428,"(127, 143)","(91, 25)",158,754.9677528950373,0.5221469402313232,True,23125
A*,703428,"(172, 279)","(156, 230)",50,155.04424700093034,0.08848285675048828,True,2953
Dijkstra,703428,"(172, 279)","(156, 230)",50,155.04424700093034,0.07796001434326172,True,3827
A*,703428,"(122, 436)","(139, 82)",373,982.0898579193365,0.8059282302856445,True,34366
Dijkstra,703428,"(122, 436)","(139, 82)",373,982.0898579193365,0.6743357181549072,True,33453
A*,703428,"(171, 227)","(205, 272)",56,208.22527460906065,0.08980441093444824,True,2990
Dijkstra,703428,"(171, 227)","(205, 272)",56,208.22527460906065,0.14563965797424316,True,7411
A*,703428,"(156, 343)","(57, 228)",206,443.69206001288387,0.4486806392669678,True,19269
Dijkstra,703428,"(156, 343)","(57, 228)",206,443.69206001288387,0.5215342044830322,True,24269
A*,703428,"(127, 75)","(182, 428)",0,inf,0.0,False,222
Dijkstra,703428,"(127, 75)","(182, 428)",0,inf,0.0,False,217
A*,703428,"(222, 211)","(177, 331)",151,658.6295034947302,0.25743961334228516,True,11324
Dijkstra,703428,"(222, 211)","(177, 331)",151,658.6295034947302,0.4185304641723633,True,19145
A*,703428,"(164, 245)","(145, 279)",51,175.75622171531643,0.09115028381347656,True,3110
Dijkstra,703428,"(164, 245)","(145, 279)",51,175.75622171531643,0.11121702194213867,True,5328
A*,703428,"(120, 282)","(201, 200)",134,481.9202702831266,0.5641772747039795,True,22625
Dijkstra,703428,"(120, 282)","(201, 200)",134,481.9202702831266,0.5837981700897217,True,27234
A*,703428,"(213, 336)","(178, 326)",36,51.85324673484206,0.0,True,155
Dijkstra,703428,"(213, 336)","(178, 326)",36,51.85324673484206,0.025356292724609375,True,687
A*,703428,"(153, 316)","(142, 109)",214,658.8163783232085,0.567601203918457,True,24446
Dijkstra,703428,"(153, 316)","(142, 109)",214,658.8163783232085,0.6431481838226318,True,30793
A*,703428,"(145, 105)","(99, 396)",341,946.1097932153665,0.8295791149139404,True,35654
Dijkstra,703428,"(145, 105)","(99, 396)",341,946.1097932153665,0.7085092067718506,True,34887
A*,703428,"(87, 258)","(104, 399)",222,572.6396423699367,0.5476515293121338,True,23049
Dijkstra,703428,"(87, 258)","(104, 399)",222,572.6396423699367,0.6113934516906738,True,27886
A*,703428,"(123, 152)","(253, 334)",281,1225.668462120386,1.0365078449249268,True,44776
Dijkstra,703428,"(123, 152)","(253, 334)",281,1225.668462120386,0.844430685043335,True,41224
A*,703428,"(176, 273)","(174, 252)",22,94.93635335030365,0.04832029342651367,True,1363
Dijkstra,703428,"(176, 273)","(174, 252)",22,94.93635335030365,0.04632925987243652,True,2058
A*,703428,"(123, 383)","(140, 119)",316,888.2340777839349,0.720210075378418,True,31385
Dijkstra,703428,"(123, 383)","(140, 119)",316,888.2340777839349,0.6114227771759033,True,30306
A*,703428,"(160, 224)","(126, 294)",76,196.39806567388615,0.06478571891784668,True,2051
Dijkstra,703428,"(160, 224)","(126, 294)",76,196.39806567388615,0.111968994140625,True,5841
A*,703428,"(102, 327)","(140, 420)",122,286.4261857461857,0.1685502529144287,True,7259
Dijkstra,703428,"(102, 327)","(140, 420)",122,286.4261857461857,0.2968740463256836,True,14718
A*,703428,"(113, 276)","(141, 278)",58,152.71798792816892,0.13887882232666016,True,5388
Dijkstra,703428,"(113, 276)","(141, 278)",58,152.71798792816892,0.12819409370422363,True,5999
A*,703428,"(258, 314)","(137, 71)",422,1292.4735628456158,0.783289909362793,True,34557
Dijkstra,703428,"(258, 314)","(137, 71)",422,1292.473562845616,0.7384827136993408,True,35722
A*,703428,"(123, 352)","(129, 258)",135,349.709673027889,0.13338065147399902,True,5473
Dijkstra,703428,"(123, 352)","(129, 258)",135,349.7096730278891,0.14062023162841797,True,6472
A*,703428,"(87, 275)","(130, 397)",136,344.51005454989183,0.2894136905670166,True,12555
Dijkstra,703428,"(87, 275)","(130, 397)",136,344.51005454989183,0.3749988079071045,True,17467
A*,703428,"(189, 174)","(109, 331)",209,540.9810636759532,0.2531590461730957,True,10602
Dijkstra,703428,"(189, 174)","(109, 331)",209,540.9810636759532,0.3593742847442627,True,18362
A*,703428,"(140, 271)","(190, 259)",52,242.19204124566522,0.19443202018737793,True,8272
Dijkstra,703428,"(140, 271)","(190, 259)",52,242.19204124566522,0.265627384185791,True,11899
A*,703428,"(235, 324)","(257, 331)",57,338.00414487510517,0.0569610595703125,True,2658
Dijkstra,703428,"(235, 324)","(257, 331)",57,338.00414487510517,0.0635225772857666,True,2602
A*,703428,"(136, 343)","(199, 386)",112,336.25297684381593,0.32114362716674805,True,14348
Dijkstra,703428,"(136, 343)","(199, 386)",112,336.25297684381593,0.41582441329956055,True,19423
A*,703428,"(78, 336)","(126, 331)",59,103.85560797683202,0.035036325454711914,True,1202
Dijkstra,703428,"(78, 336)","(126, 331)",59,103.85560797683202,0.06517744064331055,True,3003
A*,703428,"(126, 195)","(144, 331)",0,inf,0.003997325897216797,False,202
Dijkstra,703428,"(126, 195)","(144, 331)",0,inf,0.004000186920166016,False,191
A*,703428,"(164, 398)","(115, 149)",303,835.1903620943359,0.7397871017456055,True,33376
Dijkstra,703428,"(164, 398)","(115, 149)",303,835.1903620943358,0.6872737407684326,True,32463
A*,703428,"(107, 351)","(161, 281)",111,352.07724373403755,0.19039273262023926,True,8320
Dijkstra,703428,"(107, 351)","(161, 281)",111,352.07724373403755,0.23350024223327637,True,11072
A*,703428,"(145, 471)","(126, 342)",161,468.30323711251583,0.15182280540466309,True,6060
Dijkstra,703428,"(145, 471)","(126, 342)",161,468.3032371125159,0.15625715255737305,True,7455
A*,703428,"(211, 321)","(103, 362)",243,1030.4579012240345,0.5633797645568848,True,24044
Dijkstra,703428,"(211, 321)","(103, 362)",243,1030.4579012240345,0.5615274906158447,True,25717
A*,703428,"(112, 145)","(121, 239)",151,515.6074696347239,0.1701798439025879,True,7352
Dijkstra,703428,"(112, 145)","(121, 239)",151,515.6074696347239,0.2344071865081787,True,11001
A*,703428,"(173, 420)","(137, 54)",390,1007.2715385626368,1.0626606941223145,True,38032
Dijkstra,703428,"(173, 420)","(137, 54)",390,1007.2715385626368,0.8740949630737305,True,35239
A*,703428,"(151, 382)","(89, 133)",325,949.961448881163,1.0633034706115723,True,36651
Dijkstra,703428,"(151, 382)","(89, 133)",325,949.961448881163,0.7343413829803467,True,34351
A*,703428,"(140, 337)","(178, 354)",47,180.27272961594034,0.07016754150390625,True,2798
Dijkstra,703428,"(140, 337)","(178, 354)",47,180.2727296159403,0.2288832664489746,True,7628
A*,703428,"(174, 431)","(88, 23)",484,1422.8006538799302,1.201136589050293,True,43764
Dijkstra,703428,"(174, 431)","(88, 23)",484,1422.8006538799302,1.168163776397705,True,40991
A*,703428,"(145, 478)","(147, 225)",322,1401.226188364681,0.6999433040618896,True,20843
Dijkstra,703428,"(145, 478)","(147, 225)",322,1401.226188364681,0.563084602355957,True,22358
A*,703428,"(212, 342)","(188, 347)",25,41.607732631880125,0.0019953250885009766,True,75
Dijkstra,703428,"(212, 342)","(188, 347)",25,41.607732631880125,0.00899958610534668,True,392
A*,703428,"(195, 173)","(211, 339)",302,792.6294277580712,0.8828144073486328,True,27461
Dijkstra,703428,"(195, 173)","(211, 339)",302,792.6294277580712,0.9456474781036377,True,29432
A*,703428,"(157, 265)","(197, 244)",44,186.04055756074675,0.18169856071472168,True,4336
Dijkstra,703428,"(157, 265)","(197, 244)",44,186.04055756074675,0.19689488410949707,True,6408
A*,703428,"(128, 57)","(210, 320)",320,1238.8579720039686,1.305105447769165,True,38903
Dijkstra,703428,"(128, 57)","(210, 320)",320,1238.8579720039686,1.1119835376739502,True,37800
A*,703428,"(210, 273)","(180, 231)",65,341.47218027614366,0.04468393325805664,True,1669
Dijkstra,703428,"(210, 273)","(180, 231)",65,341.47218027614366,0.09600019454956055,True,4089
A*,703428,"(213, 312)","(102, 257)",164,739.513255765327,0.2752678394317627,True,9695
Dijkstra,703428,"(213, 312)","(102, 257)",164,739.513255765327,0.3209536075592041,True,10612
A*,703428,"(228, 392)","(202, 424)",147,346.6526827350126,0.15294766426086426,True,4314
Dijkstra,703428,"(228, 392)","(202, 424)",147,346.6526827350126,0.18119096755981445,True,6362
A*,703428,"(122, 287)","(225, 363)",162,485.80674077675525,0.625321626663208,True,24258
Dijkstra,703428,"(122, 287)","(225, 363)",162,485.80674077675525,0.6319832801818848,True,27518
A*,703428,"(205, 391)","(99, 74)",459,1202.6264432085418,1.0427429676055908,True,41600
Dijkstra,703428,"(205, 391)","(99, 74)",459,1202.6264432085418,0.8825376033782959,True,39995
A*,703428,"(118, 286)","(143, 36)",255,712.194293615832,0.7369329929351807,True,29732
Dijkstra,703428,"(118, 286)","(143, 36)",255,712.194293615832,0.8764328956604004,True,35413
A*,703428,"(209, 323)","(90, 72)",370,1354.1880267403471,0.8929054737091064,True,33968
Dijkstra,703428,"(209, 323)","(90, 72)",370,1354.1880267403471,0.832791805267334,True,38917
A*,703428,"(119, 140)","(89, 190)",80,443.83472823006474,0.11188483238220215,True,4538
Dijkstra,703428,"(119, 140)","(89, 190)",80,443.83472823006474,0.13692569732666016,True,6800
